{
  "Confirm Password": "Confirmez le mot de passe",
  "E-Mail Address": "Adresse courriel",
  "Forgot Your Password?": "Vous avez oublié votre mot de passe ?",
  "If you did not request a password reset, no further action is required.": "Si vous n'avez pas demandé de réinitialisation de mot de passe, aucune autre action n'est requise.",
  "Login": "Connexion",
  "Logout": "Déconnexion",
  "Name": "Nom",
  "Password": "Mot de passe",
  "Register": "S'inscrire",
  "Remember Me": "Se souvenir de moi",
  "Reset Password": "Réinitialisation du mot de passe",
  "Reset Password Notification": "Notification de réinitialisation du mot de passe",
  "Send Password Reset Link": "Envoyer le lien de réinitialisation du mot de passe",
  "You are receiving this email because we received a password reset request for your account.": "Vous avez reçu ce courriel parce que nous avons reçu une demande de réinitialisation de mot de passe pour votre compte."
}
